<?xml version="1.0" encoding="UTF-8" ?>
<!DOCTYPE mapper
        PUBLIC "-//mybatis.org//DTD Mapper 3.0//EN"
        "http://mybatis.org/dtd/mybatis-3-mapper.dtd">
<!-- namespace : 绑定一个dao接口-->
<mapper namespace="com.wangshijia.dao.UserMapper">
    <!-- id :方法名   -->
    <select id="getUserList" resultType="com.wangshijia.pojo.User">
        select * from mybatis.user
    </select>

    <select id="getUserById" parameterType="int" resultType="com.wangshijia.pojo.User">
        select * from mybatis.user where id =#{id}
    </select>

    <insert id="addUser" parameterType="com.wangshijia.pojo.User">
        insert into mybatis.user(id,name ,pwd) values(#{id},#{name},#{pwd});
    </insert>

    <update id="updateUser" parameterType="com.wangshijia.pojo.User">
        update mybatis.user set name = #{name} ,pwd = #{pwd} where id = #{id};
    </update>

    <delete id="deleteUserById" parameterType="int">
        delete  from mybatis.user  where id = #{id};
    </delete>
</mapper>