<?xml version="1.0" encoding="UTF-8" ?>
<!DOCTYPE configuration
        PUBLIC "-//mybatis.org//DTD Config 3.0//EN"
        "http://mybatis.org/dtd/mybatis-3-config.dtd">
<!-- configuration 核心配置文件-->
<configuration>
    <properties resource="db.properties"/>
    <typeAliases>
        <typeAlias alias="User" type="com.wangshijia.pojo.User"/>
    </typeAliases>
    <environments default="development">
        <environment id="development">
            <transactionManager type="JDBC"/>
            <dataSource type="POOLED">
                <property name="driver" value="${driver}"/>
                <property name="url" value="${url}"/>
                <property name="username" value="${username}"/>
                <property name="password" value="${password}"/>
            </dataSource>
        </environment>
    </environments>
    <!-- 每一个Mapper.xml都需要在Mybatis中注册-->
    <mappers>
        <mapper resource="com/wangshijia/dao/UserMapper.xml"/>
    </mappers>
</configuration>